MRF_Province,MRF_District,MRF_Facility,Facility_datim,TX_CURR _datim,TX_CURR _mrf,concordance,Province,District,Facility Name,Source
Bulawayo Metropolitan,Emakhandeni,Cowdray Park Health Centre,Cowdry Park Health Centre,250.0,332,75.0%,Bulawayo,Bulawayo,Cowdry Park Health Centre,DPL
Bulawayo Metropolitan,Northern Suburbs,EF Watson,E.F. Watson - 100429 - Clinic,1146,1919,59.0%,Bulawayo,Bulawayo,E.F. Watson - 100429 - Clinic,DPL
Bulawayo Metropolitan,Emakhandeni,Emakhandeni,Emakhandeni - 100443 - Clinic,2743.0,4404.0,62.0%,Bulawayo,Bulawayo,Emakhandeni - 100443 - Clinic,DPL
Bulawayo Metropolitan,Northern Suburbs,Entumbane,Entumbane - 100449 - Clinic,2097.0,2340.0,89.0%,Bulawayo,Bulawayo,Entumbane - 100449 - Clinic,DPL
Bulawayo Metropolitan,Northern Suburbs,Khami Road,Khami - 100733 - Clinic,2215.0,3250.0,68.0%,Bulawayo,Bulawayo,Khami - 100733 - Clinic,DPL
Bulawayo Metropolitan,Emakhandeni,Luveve,Luveve - 100786 - Clinic,3859.0,5079.0,75.0%,Bulawayo,Bulawayo,Luveve - 100786 - Clinic,DPL
Bulawayo Metropolitan,Emakhandeni,Magwegwe,Magwegwe - 100824 - Clinic,2477.0,3085.0,80.0%,Bulawayo,Bulawayo,Magwegwe - 100824 - Clinic,DPL
Bulawayo Metropolitan,Nkulumane,Maqhawe,Maqhawe - 100893 - Clinic,2575.0,3008.0,85.0%,Bulawayo,Bulawayo,Maqhawe - 100893 - Clinic,DPL
Bulawayo Metropolitan,Northern Suburbs,Mzilikazi,Mzilikazi - 101202 - Clinic,4047.0,4361.0,92.0%,Bulawayo,Bulawayo,Mzilikazi - 101202 - Clinic,DPL
Bulawayo Metropolitan,Nkulumane,Nkulumane,Nkulumane - 101278 - Clinic,3760.0,4249.0,88.0%,Bulawayo,Bulawayo,Nkulumane - 101278 - Clinic,DPL
Bulawayo Metropolitan,Northern Suburbs,Northern Suburbs,Northern Suburbs - 101290 - Clinic,3117.0,3408.0,91.0%,Bulawayo,Bulawayo,Northern Suburbs - 101290 - Clinic,DPL
Bulawayo Metropolitan,Northern Suburbs,Princess Margaret,Princess Margaret - 101429 - Clinic,2657.0,2582.0,97.0%,Bulawayo,Bulawayo,Princess Margaret - 101429 - Clinic,DPL
Bulawayo Metropolitan,Emakhandeni,Pumula,Pumula - 101432 - Clinic,2688,3046,88.0%,Bulawayo,Bulawayo,Pumula - 101432 - Clinic,DPL
Bulawayo Metropolitan,Emakhandeni,Pumula South,Pumula South - 101434 - Clinic,2169.0,2182.0,99.0%,Bulawayo,Bulawayo,Pumula South - 101434 - Clinic,DPL
Bulawayo Metropolitan,Bulawayo Central Hospitals,United Bulawayo,United Bulawayo Hospital - 101723,1470,5457,26.0%,Bulawayo,Bulawayo,United Bulawayo Hospital - 101723,DPL
Bulawayo Metropolitan,Northern Suburbs,Khami - Ceshhar,Cesshar,28,58,48.0%,Bulawayo,Bulawayo,Cesshar,Mobile
Bulawayo Metropolitan,Emakhandeni,Cowdray Park,Cowdray Park - 100348 - Clinic,1854.0,2252.0,82.0%,Bulawayo,Bulawayo,Cowdray Park - 100348 - Clinic,Mobile
Bulawayo Metropolitan,Nkulumane,Dr Shennan,Dr. Shennan - 100418 - Clinic,845.0,861.0,98.0%,Bulawayo,Bulawayo,Dr. Shennan - 100418 - Clinic,Mobile
Bulawayo Metropolitan,Emganwini,Emganwini,Emganwini Clinic,17.0,18,94.0%,Bulawayo,Bulawayo,Emganwini Clinic,Mobile
Bulawayo Metropolitan,Ingutsheni,Ingutsheni,Ingutsheni - 100638 - Central Hospital,603,644,93.0%,Bulawayo,Bulawayo,Ingutsheni - 100638 - Central Hospital,Mobile
Bulawayo Metropolitan,Northern Suburbs,Mahatshula,Mahatshula Clinic,193.0,181,93.0%,Bulawayo,Bulawayo,Mahatshula Clinic,Mobile
Bulawayo Metropolitan,Bulawayo Central Hospitals,Mpilo,Mpilo - 101041 - Central Hospital,5162,10898,47.0%,Bulawayo,Bulawayo,Mpilo - 101041 - Central Hospital,Mobile
Bulawayo Metropolitan,Emakhandeni,Njube,Njube - 101273 - Clinic,2357.0,2399.0,98.0%,Bulawayo,Bulawayo,Njube - 101273 - Clinic,Mobile
Bulawayo Metropolitan,Nkulumane,Nketa,Nketa - 101276 - Clinic,4049.0,4001.0,98.0%,Bulawayo,Bulawayo,Nketa - 101276 - Clinic,Mobile
Bulawayo Metropolitan,Nkulumane,Pelandaba,Pelandaba - 101412 - Clinic,2742.0,3255.0,84.0%,Bulawayo,Bulawayo,Pelandaba - 101412 - Clinic,Mobile
Bulawayo Metropolitan,Northern Suburbs,Thorngrove Infectious Diseases,Thorngrove,0,0,0.0%,Bulawayo,Bulawayo,Thorngrove,Mobile
Bulawayo Metropolitan,Nkulumane,Tshabalala,Tshabalala - 101710 - Clinic,1768.0,2028.0,87.0%,Bulawayo,Bulawayo,Tshabalala - 101710 - Clinic,Mobile
Harare Metropolitan,Chitungwiza,Seke North,Seke North - 101533 - Clinic,5964,6824,87.0%,Harare,Chitungwiza,Seke North - 101533 - Clinic,DPL
Harare Metropolitan,Chitungwiza,Zengeza,Zengeza Clinic - 100305 - Council Clinic,6062.0,6252.0,96.0%,Harare,Chitungwiza,Zengeza Clinic - 100305 - Council Clinic,DPL
Harare Metropolitan,Chitungwiza,Seke South,Seke South - 101534 - Clinic,5131.0,6432.0,79.0%,Harare,Chitungwiza,Seke South - 101534 - Clinic,Mobile
Harare Metropolitan,Chitungwiza,St Mary's,St. Mary's - 101633 - Clinic,6695.0,6925.0,96.0%,Harare,Chitungwiza,St. Mary's - 101633 - Clinic,Mobile
Harare Metropolitan,Epworth,Epworth Polyclinic,Epworth - 100451 - Poly Clinic,10318,11460,90.0%,Harare,Epworth,Epworth - 100451 - Poly Clinic,DPL
Harare Metropolitan,Epworth,Epworth Mission,Epworth - 100452 - Mission Clinic,1429.0,2940.0,48.0%,Harare,Epworth,Epworth - 100452 - Mission Clinic,Mobile
Harare Metropolitan,Epworth,Overspill,Overspill - 101399 - Satellite Clinic,6908,8190,84.0%,Harare,Epworth,Overspill - 101399 - Satellite Clinic,Mobile
Harare Metropolitan,Harare City,Belvedere Satellite,Belvedere - 100055 - Poly clinic,400.0,1840.0,21.0%,Harare,Harare,Belvedere - 100055 - Poly clinic,DPL
Harare Metropolitan,Harare City,Braeside FHS,Braeside - 100091 - Clinic,286.0,509.0,56.0%,Harare,Harare,Braeside - 100091 - Clinic,DPL
Harare Metropolitan,Harare City,Budiriro Poly,Budiriro - 100098 - Poly Clinic,40.0,5331.0,0.0%,Harare,Harare,Budiriro - 100098 - Poly Clinic,DPL
Harare Metropolitan,Harare City,Glen Norah Satellite,Glen Norah - 100506 - Satellite clinic,316.0,2349.0,13.0%,Harare,Harare,Glen Norah - 100506 - Satellite clinic,DPL
Harare Metropolitan,Harare City,Glen View Poly,Glen View - 100507 - Poly clinic,4929,5625,87.0%,Harare,Harare,Glen View - 100507 - Poly clinic,DPL
Harare Metropolitan,Harare City,Hatfield,Hatfield - 100585 - Clinic,323.0,2717.0,11.0%,Harare,Harare,Hatfield - 100585 - Clinic,DPL
Harare Metropolitan,Harare City,Highfield Poly,Highfield - 100593 - Poly Clinic,3864,4862,79.0%,Harare,Harare,Highfield - 100593 - Poly Clinic,DPL
Harare Metropolitan,Harare City,Kambuzuma,Kambuzuma - 100695 - Poly clinic,971.0,3065.0,31.0%,Harare,Harare,Kambuzuma - 100695 - Poly clinic,DPL
Harare Metropolitan,Harare City,Kuwadzana PolyClinic,Kuwadzana - 100751 - Poly Clinic,4838.0,5353.0,90.0%,Harare,Harare,Kuwadzana - 100751 - Poly Clinic,DPL
Harare Metropolitan,Harare City,Kuwadzana Phase 4,Kuwadzana Phase 4 -101851- Clinic,866.0,1962.0,44.0%,Harare,Harare,Kuwadzana Phase 4 -101851- Clinic,DPL
Harare Metropolitan,Harare City,Mabelreign Satellite,Mabelreign - 100791 - satellite clinic,879.0,2253.0,39.0%,Harare,Harare,Mabelreign - 100791 - satellite clinic,DPL
Harare Metropolitan,Harare City,Mabvuku Poly,Mabvuku - 100797 - Poly Clinic,4811.0,4730.0,98.0%,Harare,Harare,Mabvuku - 100797 - Poly Clinic,DPL
Harare Metropolitan,Harare City,Marlborough Satellite,Malborough - 100860 - Council Clinic,1985.0,1979.0,99.0%,Harare,Harare,Malborough - 100860 - Council Clinic,DPL
Harare Metropolitan,Harare City,Matapi,Matapi - 100944 - Clinic,818.0,1636.0,50.0%,Harare,Harare,Matapi - 100944 - Clinic,DPL
Harare Metropolitan,Harare City,Mbare PolyClinic,Mbare - 100987 - Poly clinic,4597,6856,67.0%,Harare,Harare,Mbare - 100987 - Poly clinic,DPL
Harare Metropolitan,Harare City,Mbare Hostels,Mbare Hostels - 100988 - Clinic,1349.0,2110.0,63.0%,Harare,Harare,Mbare Hostels - 100988 - Clinic,DPL
Harare Metropolitan,Harare City,Parirenyatwa,Parirenyatwa Primary Care - 101852,1251,2372,52.0%,Harare,Harare,Parirenyatwa Primary Care - 101852,DPL
Harare Metropolitan,Harare City,Rutsanana Poly,Rutsanana - 101491 - Clinic,3900.0,4057.0,96.0%,Harare,Harare,Rutsanana - 101491 - Clinic,DPL
Harare Metropolitan,Harare City,Tafara FHS,Tafara - 101669 - Clinic,761.0,1268.0,60.0%,Harare,Harare,Tafara - 101669 - Clinic,DPL
Harare Metropolitan,Harare City,Warren Park PolyClinic,Warren Park - 101760 - Poly clinic,3212.0,3448.0,93.0%,Harare,Harare,Warren Park - 101760 - Poly clinic,DPL
Harare Metropolitan,Harare City,Arcadia,Arcadia - 100015 - Clinic,603.0,973.0,61.0%,Harare,Harare,Arcadia - 100015 - Clinic,Mobile
Harare Metropolitan,Harare City,Avondale,Avondale - 100030 - Clinic,1274.0,1314.0,96.0%,Harare,Harare,Avondale - 100030 - Clinic,Mobile
Harare Metropolitan,Harare City,Beatrice Road,Beatrice Infectious - 100050 - Hospital,1233.0,3032.0,40.0%,Harare,Harare,Beatrice Infectious - 100050 - Hospital,Mobile
Harare Metropolitan,Harare City,Borrowdale,Borrowdale - 100086 - Clinic,1199.0,1268.0,94.0%,Harare,Harare,Borrowdale - 100086 - Clinic,Mobile
Harare Metropolitan,Harare City,Budiriro Satellite,Budiriro - 101889 - Satelite Clinic,107.0,1533.0,6.0%,Harare,Harare,Budiriro - 101889 - Satelite Clinic,Mobile
Harare Metropolitan,Harare City,Mbare Hostel CeSHHAR  Sisters',Cesshar Mbare,34,59,57.0%,Harare,Harare,Cesshar Mbare,Mobile
Harare Metropolitan,Harare City,Eastley FHS,Eastly - 100433 - Clinic,21.0,275,7.0%,Harare,Harare,Eastly - 100433 - Clinic,Mobile
Harare Metropolitan,Harare City,Glen View Satellite,Glen View - 100508 - Satellite clinic,823,1322,62.0%,Harare,Harare,Glen View - 100508 - Satellite clinic,Mobile
Harare Metropolitan,Harare City,Harare City,Greendale - 100535 - Clinic,223.0,324,68.0%,Harare,Harare,Greendale - 100535 - Clinic,Mobile
Harare Metropolitan,Harare City,Hatcliffe Poly,Hatcliffe - 100584 - Poly clinic,3494.0,5236.0,66.0%,Harare,Harare,Hatcliffe - 100584 - Poly clinic,Mobile
Harare Metropolitan,Harare City,Highlands FHS,Highlands - 100596 - Clinic,6.0,112,5.0%,Harare,Harare,Highlands - 100596 - Clinic,Mobile
Harare Metropolitan,Harare City,Highlands Primary Care,Highlands PCC,267.0,2064.0,12.0%,Harare,Harare,Highlands PCC,Mobile
Harare Metropolitan,Harare City,Hopley,Hopley - 100608 - Clinic,2754,4687,58.0%,Harare,Harare,Hopley - 100608 - Clinic,Mobile
Harare Metropolitan,Harare City,Mabvuku Satellite,Mabvuku - 100796 - Clinic,845.0,1755.0,48.0%,Harare,Harare,Mabvuku - 100796 - Clinic,Mobile
Harare Metropolitan,Harare City,Mount Pleasant,Mt. Pleasant - 101062 - Clinic,171.0,1267.0,13.0%,Harare,Harare,Mt. Pleasant - 101062 - Clinic,Mobile
Harare Metropolitan,Harare City,Mufakose Poly,Mufakose - 101085 - Poly clinic,3775.0,3805.0,99.0%,Harare,Harare,Mufakose - 101085 - Poly clinic,Mobile
Harare Metropolitan,Harare City,Mufakose FHS,Mufakose FHS,10,365,2.0%,Harare,Harare,Mufakose FHS,Mobile
Harare Metropolitan,Harare City,Rujeko,Rujeko - 101469 - Poly clinic,1791,4787,37.0%,Harare,Harare,Rujeko - 101469 - Poly clinic,Mobile
Harare Metropolitan,Harare City,Southerton,Southerton - 101619 - Clinic,0.0,579.0,0.0%,Harare,Harare,Southerton - 101619 - Clinic,Mobile
Harare Metropolitan,Harare City,Stoneridge,Stoneridge,305,325,93.0%,Harare,Harare,Stoneridge,Mobile
Harare Metropolitan,Harare City,Wilkins Infectious Diseases,Wilkins Infectious Disease Hospital,3382,3758,89.0%,Harare,Harare,Wilkins Infectious Disease Hospital,Mobile
Harare Metropolitan,Ruwa,Ruwa PolyClinic,Ruwa - 101493 - Rural Health Centre,39.0,2128.0,1.0%,Harare,Ruwa,Ruwa - 101493 - Rural Health Centre,DPL
Harare Metropolitan,Ruwa,Ruwa Rehabilitation,Ruwa Rehabilitation - 101495,404,3664,11.0%,Harare,Ruwa,Ruwa Rehabilitation - 101495,Mobile
Manicaland,Mutare,Zimunya,Zimunya - 101805 - Clinic,304.0,999.0,30.0%,Manicaland,Mutare,Zimunya - 101805 - Clinic,DPL
Mashonaland Central,Guruve,Bakasa,Bakasa - 100035 - Clinic,500.0,479.0,95.0%,Mash. Central,Guruve,Bakasa - 100035 - Clinic,Mobile
Mashonaland Central,Guruve,Bepura,Bepura - 100058 - Clinic,718,1056,67.0%,Mash. Central,Guruve,Bepura - 100058 - Clinic,Mobile
Mashonaland Central,Guruve,Guruve,Guruve - 100553 - District Hospital,484,1353,35.0%,Mash. Central,Guruve,Guruve - 100553 - District Hospital,Mobile
Mashonaland Central,Guruve,Guruve Centre Rural Health,Guruve - 100554 - Clinic,1013,996,98.0%,Mash. Central,Guruve,Guruve - 100554 - Clinic,Mobile
Mashonaland Central,Mazowe,Bare,Bare - 100046 - Clinic,782,962,81.0%,Mash. Central,Mazowe,Bare - 100046 - Clinic,Mobile
Mashonaland Central,Mazowe,Concession,Concession - 100345 - District Hospital,1728,2414,71.0%,Mash. Central,Mazowe,Concession - 100345 - District Hospital,Mobile
Mashonaland Central,Mazowe,Dambo,Dambo - 100361 - Clinic,709,820,86.0%,Mash. Central,Mazowe,Dambo - 100361 - Clinic,Mobile
Mashonaland Central,Mazowe,Donje,Donje - 100409 - Clinic,477,698,68.0%,Mash. Central,Mazowe,Donje - 100409 - Clinic,Mobile
Mashonaland Central,Mazowe,Henderson,Henderson Research - 100590 - Clinic,984,1020,96.0%,Mash. Central,Mazowe,Henderson Research - 100590 - Clinic,Mobile
Mashonaland Central,Mazowe,Howard,Howard - 100611 - Mission Hospital,48.0,2153.0,2.0%,Mash. Central,Mazowe,Howard - 100611 - Mission Hospital,Mobile
Mashonaland Central,Mazowe,Mvurwi,Mvurwi - 101192 - Hospital,810,2560,31.0%,Mash. Central,Mazowe,Mvurwi - 101192 - Hospital,Mobile
Mashonaland Central,Mazowe,Nzvimbo,Nzvimbo - 101391 - Clinic,811,1068,75.0%,Mash. Central,Mazowe,Nzvimbo - 101391 - Clinic,Mobile
Mashonaland Central,Mazowe,Rosa Rural,Rosa - 101459 - Rural Hospital,90,2002,4.0%,Mash. Central,Mazowe,Rosa - 101459 - Rural Hospital,Mobile
Mashonaland Central,Mazowe,Suoguru,Suoguru Clinic,614,1210,50.0%,Mash. Central,Mazowe,Suoguru Clinic,Mobile
Mashonaland Central,Mazowe,Tsungubvi,Tsungubvi - 101717 - Clinic,1852,2576,71.0%,Mash. Central,Mazowe,Tsungubvi - 101717 - Clinic,Mobile
Mashonaland Central,Mbire,Angwa,Angwa - 100010 - Clinic,159,170,93.0%,Mash. Central,Mbire,Angwa - 100010 - Clinic,Mobile
Mashonaland Central,Mbire,Chitsungo,Chitsungo - 100303 - District Hospital,425,507,83.0%,Mash. Central,Mbire,Chitsungo - 100303 - District Hospital,Mobile
Mashonaland Central,Mbire,Mahuwe,Mahuwe - 100830 - Clinic,448.0,535.0,83.0%,Mash. Central,Mbire,Mahuwe - 100830 - Clinic,Mobile
Mashonaland Central,Mbire,Mushumbi RHC,Mushumbi - 101148 - Clinic,103.0,706.0,14.0%,Mash. Central,Mbire,Mushumbi - 101148 - Clinic,Mobile
Mashonaland Central,Mount Darwin,Karanda,Karanda - 100709 - Mission Hospital,813.0,813.0,100.0%,Mash. Central,Mt Darwin,Karanda - 100709 - Mission Hospital,DPL
Mashonaland Central,Mount Darwin,Matope,Matope - 100958 - Clinic,520,552,94.0%,Mash. Central,Mt Darwin,Matope - 100958 - Clinic,DPL
Mashonaland Central,Mount Darwin,Mount Darwin,Mt. Darwin - 101058 - District Hospital,1704,3689,46.0%,Mash. Central,Mt Darwin,Mt. Darwin - 101058 - District Hospital,Mobile
Mashonaland Central,Mount Darwin,Pfunyanguwo Rural Health Centre,Pfunyanguwo - 101414 - Clinic,269,329,81.0%,Mash. Central,Mt Darwin,Pfunyanguwo - 101414 - Clinic,Mobile
Mashonaland Central,Mount Darwin,Tsakare Rural Health Centre,Tsakare - 101708 - Clinic,147,370,39.0%,Mash. Central,Mt Darwin,Tsakare - 101708 - Clinic,Mobile
Mashonaland East,Goromonzi,Caledonia,Caledonia - 100115 - Clinic,1782,3012,59.0%,Mash. East,Goromonzi,Caledonia - 100115 - Clinic,DPL
Mashonaland East,Marondera,Kushinga Phikhelela Rural Health Centre,Kushinga Phikelela - 100749 - Clinic,801.0,971.0,82.0%,Mash. East,Marondera,Kushinga Phikelela - 100749 - Clinic,DPL
Mashonaland East,Murewa,Murewa Gvt,Murewa - 101129 - District Hospital,1612,1814,88.0%,Mash. East,Murehwa,Murewa - 101129 - District Hospital,DPL
Mashonaland East,Uzumba Maramba Pfungwe,Mutawatawa,Mutawatawa - 101170 - District Hosptal,649,761,85.0%,Mash. East,UMP,Mutawatawa - 101170 - District Hosptal,DPL
Mashonaland East,Goromonzi,Bromley,Bromley - 100093 - Rural Health Centre,398,899,44.0%,Mash. East,Goromonzi,Bromley - 100093 - Rural Health Centre,Mobile
Mashonaland East,Goromonzi,Chinyika,Chinyika - 100242 - Clinic,1297.0,1318.0,98.0%,Mash. East,Goromonzi,Chinyika - 100242 - Clinic,Mobile
Mashonaland East,Goromonzi,Henry John Reimer,John Reimer - 100668 - Clinic,443.0,669.0,66.0%,Mash. East,Goromonzi,John Reimer - 100668 - Clinic,Mobile
Mashonaland East,Goromonzi,Kowoyo,Kowoyo - 100742 - Clinic,1041.0,1309.0,79.0%,Mash. East,Goromonzi,Kowoyo - 100742 - Clinic,Mobile
Mashonaland East,Goromonzi,Kubatsirana,Kubatsirana - 100744 - Clinic,3,892,0.0%,Mash. East,Goromonzi,Kubatsirana - 100744 - Clinic,Mobile
Mashonaland East,Goromonzi,Makumbe,Makumbe - 100853 - District Hospital,2501.0,3180.0,78.0%,Mash. East,Goromonzi,Makumbe - 100853 - District Hospital,Mobile
Mashonaland East,Goromonzi,Mwanza Rural Health Centre,Mwanza - 101195 - Rural Health Centre,1098.0,1097.0,99.0%,Mash. East,Goromonzi,Mwanza - 101195 - Rural Health Centre,Mobile
Mashonaland East,Goromonzi,Rusike,Rusike - 101479 - Clinic,199.0,834.0,23.0%,Mash. East,Goromonzi,Rusike - 101479 - Clinic,Mobile
Mashonaland East,Goromonzi,St Joseph's,St. Joseph's - 101631 - Rural Health,1093,1351,80.0%,Mash. East,Goromonzi,St. Joseph's - 101631 - Rural Health,Mobile
Mashonaland East,Murewa,Kadzere Rural Health Centre,Kadzere - 100686 - Clinic,842.0,894.0,94.0%,Mash. East,Murehwa,Kadzere - 100686 - Clinic,Mobile
Mashonaland East,Murewa,St Paul's Musami,St. Paul's Musami - 101638 - Mission,2552,2504,98.0%,Mash. East,Murehwa,St. Paul's Musami - 101638 - Mission,Mobile
Mashonaland East,Seke,Beatrice Rural,Beatrice - 100049 - Rural Hospital,2685,1233,45.0%,Mash. East,Seke,Beatrice - 100049 - Rural Hospital,Mobile
Mashonaland East,Seke,Jonasi,Jonasi - 100673 - Clinic,1112,1424,78.0%,Mash. East,Seke,Jonasi - 100673 - Clinic,Mobile
Mashonaland East,Seke,Kunaka,Kunaka - 100746 - Rural Hospital,2601,2705,96.0%,Mash. East,Seke,Kunaka - 100746 - Rural Hospital,Mobile
Mashonaland East,Uzumba Maramba Pfungwe,Mashambanhaka,Mashambanhaka - 100924 - Clinic,618.0,597.0,96.0%,Mash. East,UMP,Mashambanhaka - 100924 - Clinic,Mobile
Mashonaland East,Uzumba Maramba Pfungwe,Tsokodeka,Tsokodeka clinic,86.0,84,97.0%,Mash. East,UMP,Tsokodeka clinic,Mobile
Mashonaland West,Chegutu,Padre Pio Poly,Padre Pio Poly Clinic,1282.0,1259.0,98.0%,Mash. West,Chegutu,Padre Pio Poly Clinic,DPL
Mashonaland West,Zvimba,Darwendale Rural,Darwendale - 100368 - Rural Hospital,749,1266,59.0%,Mash. West,Zvimba,Darwendale - 100368 - Rural Hospital,DPL
Mashonaland West,Mhondoro,Battlefieds,Battlefields,678,1729,39.0%,Mash. West,Mhondoro,Battlefields,Mobile
Masvingo,Chiredzi,Chiredzi,Chiredzi - 100264 - Hospital,67.0,4707.0,1.0%,Masvingo,Chiredzi,Chiredzi - 100264 - Hospital,Mobile
Masvingo,Chiredzi,Chizvirizvi Rural Health Centre,Chizvirizvi - 100329 - Clinic,241.0,266,90.0%,Masvingo,Chiredzi,Chizvirizvi - 100329 - Clinic,Mobile
Masvingo,Chiredzi,Rupangwana,Rapanguwana - 101442 - Clinic,648.0,690.0,93.0%,Masvingo,Chiredzi,Rapanguwana - 101442 - Clinic,Mobile
Masvingo,Chiredzi,Tshovani,Tsovani - 101715 - Clinic,1677.0,2491.0,67.0%,Masvingo,Chiredzi,Tsovani - 101715 - Clinic,Mobile
Masvingo,Chivi,Chivi,Chivi - 100319 - Rural Hospital,185.0,1260,14.0%,Masvingo,Chivi,Chivi - 100319 - Rural Hospital,Mobile
Masvingo,Chivi,Mandamabwe Rural Health Centre,Mhandamabwe - 101011 - RHC,1113,1170,95.0%,Masvingo,Chivi,Mhandamabwe - 101011 - RHC,Mobile
Masvingo,Chivi,Nyahombe Rural Health Centre,Nyahombe - 101316 - Clinic,1070.0,1321.0,80.0%,Masvingo,Chivi,Nyahombe - 101316 - Clinic,Mobile
Masvingo,Chivi,Zivuku,Zivuku - 101812 - Clinic,687.0,751.0,91.0%,Masvingo,Chivi,Zivuku - 101812 - Clinic,Mobile
Masvingo,Gutu,Chinyika Rural,Chinyika - 100243 - Rural Health Centre,520.0,719.0,72.0%,Masvingo,Gutu,Chinyika - 100243 - Rural Health Centre,Mobile
Masvingo,Gutu,Gutu,Gutu - 100557 - Mission Hospital,412.0,1360.0,30.0%,Masvingo,Gutu,Gutu - 100557 - Mission Hospital,Mobile
Masvingo,Gutu,Majada Rural Health Centre,Majada - 100833 - Rural Health Centre,107,653,16.0%,Masvingo,Gutu,Majada - 100833 - Rural Health Centre,Mobile
Masvingo,Gutu,Nemashakwe Rural Health Centre,Nemashakwe - 101224 - Clinic,0,271,0.0%,Masvingo,Gutu,Nemashakwe - 101224 - Clinic,Mobile
Masvingo,Gutu,Zvavahera Rural Health Centre,Zvavahera - 101824 - Clinic,304.0,489.0,62.0%,Masvingo,Gutu,Zvavahera - 101824 - Clinic,Mobile
Masvingo,Masvingo,Bondolfi,Bondolfi - 100082 - Rural Hospital,584.0,586.0,99.0%,Masvingo,Masvingo,Bondolfi - 100082 - Rural Hospital,Mobile
Masvingo,Masvingo,Charumbira,Charumbira - 100141 - Clinic,214,463,46.0%,Masvingo,Masvingo,Charumbira - 100141 - Clinic,Mobile
Masvingo,Masvingo,Guwa Rural Health Centre,Guwa - 100559 - Clinic,0.0,510.0,0.0%,Masvingo,Masvingo,Guwa - 100559 - Clinic,Mobile
Masvingo,Masvingo,Mapanzure,Mapanzure - 100884 - Clinic,0.0,648.0,0.0%,Masvingo,Masvingo,Mapanzure - 100884 - Clinic,Mobile
Masvingo,Masvingo,Morgenster,Mogenester - 101030 - Mission Hospital,2.0,1351.0,0.0%,Masvingo,Masvingo,Mogenester - 101030 - Mission Hospital,Mobile
Masvingo,Masvingo,Mucheke,Mucheke - 101077 - Clinic,490.0,2483.0,19.0%,Masvingo,Masvingo,Mucheke - 101077 - Clinic,Mobile
Masvingo,Masvingo,Mushandike Rural Health Centre,Mushandike - 101142 - Clinic,133,834,15.0%,Masvingo,Masvingo,Mushandike - 101142 - Clinic,Mobile
Masvingo,Masvingo,Musvovi Rural Health Centre,Musvovi - 101158 - Clinic,305.0,820.0,37.0%,Masvingo,Masvingo,Musvovi - 101158 - Clinic,Mobile
Masvingo,Masvingo,Nemamwa Rural Health Centre,Nemwanwa - 101228 - Clinic,1000,1350,74.0%,Masvingo,Masvingo,Nemwanwa - 101228 - Clinic,Mobile
Masvingo,Masvingo,Ngomahuru Rural Health Centre,Ngomahuru - 101253 - RHC,212,336,63.0%,Masvingo,Masvingo,Ngomahuru - 101253 - RHC,Mobile
Masvingo,Masvingo,Nyajena Rural,Nyajena - 101321 - Rural Hospital,91.0,764.0,11.0%,Masvingo,Masvingo,Nyajena - 101321 - Rural Hospital,Mobile
Masvingo,Masvingo,Nyikavanhu Rural Health Centre,Nyikavanhu - 101386 - RHC,319,1019,31.0%,Masvingo,Masvingo,Nyikavanhu - 101386 - RHC,Mobile
Masvingo,Masvingo,Renco Mine,Renco - 101449 - Mine Clinic,0.0,384,0.0%,Masvingo,Masvingo,Renco - 101449 - Mine Clinic,Mobile
Masvingo,Masvingo,Rujeko,Rujeko - 101468 - Clinic,1085,1483,73.0%,Masvingo,Masvingo,Rujeko - 101468 - Clinic,Mobile
Masvingo,Masvingo,Rukovo,Rukovo - 101470 - Clinic,63.0,515.0,12.0%,Masvingo,Masvingo,Rukovo - 101470 - Clinic,Mobile
Masvingo,Masvingo,Runyararo,Runyararo NW Council Clinic,1343,2183,61.0%,Masvingo,Masvingo,Runyararo NW Council Clinic,Mobile
Masvingo,Masvingo,Shonganiso,Shonganiso - 101566 - Clinic,389.0,386,99.0%,Masvingo,Masvingo,Shonganiso - 101566 - Clinic,Mobile
Masvingo,Masvingo,Shumba,Shumba - 101569 - Clinic,1.0,275.0,0.0%,Masvingo,Masvingo,Shumba - 101569 - Clinic,Mobile
Masvingo,Masvingo,Shumba,Shumba - 101569 - Clinic,1.0,807.0,0.0%,Masvingo,Masvingo,Shumba - 101569 - Clinic,Mobile
Masvingo,Masvingo,Zimuto BC,Zimuto BC-101885-Clinic,42.0,371,11.0%,Masvingo,Masvingo,Zimuto BC-101885-Clinic,Mobile
Masvingo,Mwenezi,Chimbudzi Rural Health Centre,Chimbudzi - 100211 - Clinic,462,571,80.0%,Masvingo,Mwenezi,Chimbudzi - 100211 - Clinic,Mobile
Masvingo,Mwenezi,Neshuro,Neshuro - 101232 - District Hospital,94,1521,6.0%,Masvingo,Mwenezi,Neshuro - 101232 - District Hospital,Mobile
Masvingo,Zaka,Bvukururu,Bvukururu - 100110 - Clinic,780.0,783.0,99.0%,Masvingo,Zaka,Bvukururu - 100110 - Clinic,Mobile
Masvingo,Zaka,Jerera Satellite,Jerera - 100659 - Satelite Clinic,2.0,975.0,0.0%,Masvingo,Zaka,Jerera - 100659 - Satelite Clinic,Mobile
Masvingo,Zaka,Musiso,Musiso - 101153 - Mission Hospital,8.0,1691.0,0.0%,Masvingo,Zaka,Musiso - 101153 - Mission Hospital,Mobile
Masvingo,Zaka,Ndanga,Ndanga - 101210 - Hospital,263.0,2815.0,9.0%,Masvingo,Zaka,Ndanga - 101210 - Hospital,Mobile
Masvingo,Zaka,Svuure Rural Health Centre,Svuvure - 101665 - Rural Health Hospital,428.0,529.0,80.0%,Masvingo,Zaka,Svuvure - 101665 - Rural Health Hospital,Mobile
Matabeleland North,Bubi,Membeswana Rural Health Centre,Mbembeswana - 100990 - RHC,623,732,85.0%,Mat. North,Bubi,Mbembeswana - 100990 - RHC,Mobile
Matabeleland North,Lupane,Lupane Rural Health Centre,Lupane - 100781 - Rural Health Centre,1937.0,1904.0,98.0%,Mat. North,Lupane,Lupane - 100781 - Rural Health Centre,Mobile
Matabeleland North,Nkayi,Dakamela Rural,Dakamela - 100357 - Rural Hospital,512.0,875.0,58.0%,Mat. North,Nkayi,Dakamela - 100357 - Rural Hospital,Mobile
Matabeleland North,Nkayi,Nkayi,Nkayi - 101275 - District Hospital,616,1530,40.0%,Mat. North,Nkayi,Nkayi - 101275 - District Hospital,Mobile
Matabeleland North,Umguza,Mbembesi Rural health Centre,Mbembesi - 100989 - Rural Health Centre,827,1076,76.0%,Mat. North,Umguza,Mbembesi - 100989 - Rural Health Centre,Mobile
Matabeleland North,Umguza,Nyamandlovu,Nyamandlovu - 101332 - Hospital,996,1111,89.0%,Mat. North,Umguza,Nyamandlovu - 101332 - Hospital,Mobile
Matabeleland North,Umguza,Redwood,Redwood - 101447 - Clinic,130,651,19.0%,Mat. North,Umguza,Redwood - 101447 - Clinic,Mobile
Matabeleland South,Beitbridge,Dulibadzimu,Dulibadzimu - 100423 - Clinic,1817,1722,94.0%,Mat. South,Beitbridge,Dulibadzimu - 100423 - Clinic,Mobile
Matabeleland South,Beitbridge,Mtetengwe,Mtetengwe - 101069 - Clinic,806,853,94.0%,Mat. South,Beitbridge,Mtetengwe - 101069 - Clinic,Mobile
Matabeleland South,Beitbridge,Zezani,Zezane - 101787 - Clinic,981.0,1202.0,81.0%,Mat. South,Beitbridge,Zezane - 101787 - Clinic,Mobile
Matabeleland South,Bulilima,Lady Barring Rural,Lady Barring - 100755 - Mission Hospital,757.0,765.0,98.0%,Mat. South,Bulilima,Lady Barring - 100755 - Mission Hospital,Mobile
Matabeleland South,Bulilima,Ndiweni,Ndiweni - 101211 - Clinic,797.0,785.0,98.0%,Mat. South,Bulilima,Ndiweni - 101211 - Clinic,Mobile
Matabeleland South,Bulilima,Sikhathini,Sikhatini - 101585 - Clinic,793.0,811.0,97.0%,Mat. South,Bulilima,Sikhatini - 101585 - Clinic,Mobile
Matabeleland South,Gwanda,Manama,Manama - 100867 - Mission Hospital,668,1001,66.0%,Mat. South,Gwanda,Manama - 100867 - Mission Hospital,Mobile
Matabeleland South,Gwanda,Selonga,Selonga - 101536 - Rural Health Centre,815.0,946.0,86.0%,Mat. South,Gwanda,Selonga - 101536 - Rural Health Centre,Mobile
Matabeleland South,Insiza,Nkankezi Rural Health Centre,Nkankezi - 101274 - Rural Health Centre,1302.0,1200.0,92.0%,Mat. South,Insiza,Nkankezi - 101274 - Rural Health Centre,Mobile
Matabeleland South,Insiza,Shangani,Shangani - 101557 - Rural Hospital,775,1619,47.0%,Mat. South,Insiza,Shangani - 101557 - Rural Hospital,Mobile
Matabeleland South,Insiza,Singwango,Singwango - 101603 - Clinic,913.0,953.0,95.0%,Mat. South,Insiza,Singwango - 101603 - Clinic,Mobile
Matabeleland South,Insiza,Zhulube,Zhulube - 101793 - Clinic,825.0,1153.0,71.0%,Mat. South,Insiza,Zhulube - 101793 - Clinic,Mobile
Matabeleland South,Mangwe,Bango Rural Health Centre,Bango - 100042 - Clinic,595.0,601.0,99.0%,Mat. South,Mangwe,Bango - 100042 - Clinic,Mobile
Matabeleland South,Mangwe,Dingumuzi,Dingumuzi - 100394 - Clinic,600.0,677.0,88.0%,Mat. South,Mangwe,Dingumuzi - 100394 - Clinic,Mobile
Matabeleland South,Mangwe,Ingwizi Rural Health Centre,Ingwizi - 100639 - Clinic,1145.0,1311.0,87.0%,Mat. South,Mangwe,Ingwizi - 100639 - Clinic,Mobile
Matabeleland South,Mangwe,Sanzukwi,SANZUKWI - 101529 - Clinic,644.0,691.0,93.0%,Mat. South,Mangwe,SANZUKWI - 101529 - Clinic,Mobile
Matabeleland South,Mangwe,St Annes Mission Hospital (Brunapeg),St. Annes Brunapeg - 101642 - Mission,722,943,76.0%,Mat. South,Mangwe,St. Annes Brunapeg - 101642 - Mission,Mobile
Matabeleland South,Mangwe,Tshitshi,Tshitshi - 101712 - Clinic,875.0,940.0,93.0%,Mat. South,Mangwe,Tshitshi - 101712 - Clinic,Mobile
Matabeleland South,Matobo,Kezi Rural,Kezi - 100732 - Rural Hospital,1064,1145,92.0%,Mat. South,Matobo,Kezi - 100732 - Rural Hospital,Mobile
Matabeleland South,Matobo,Matopo Rural,Matobo Rural - 100957 - Rural Hospital,247,270,91.0%,Mat. South,Matobo,Matobo Rural - 100957 - Rural Hospital,Mobile
Matabeleland South,Matobo,Natisa Rural Health Centre,Natisa - 101208 - Rural Health Centre,757.0,780.0,97.0%,Mat. South,Matobo,Natisa - 101208 - Rural Health Centre,Mobile
Matabeleland South,Matobo,St Joseph's,St. Joseph's - 101644 - Rural Hospital,952,936,98.0%,Mat. South,Matobo,St. Joseph's - 101644 - Rural Hospital,Mobile
Matabeleland South,Matobo,Tshelanyemba,Tshelanyemba - 101711 - Mission Hospital,256,1605,15.0%,Mat. South,Matobo,Tshelanyemba - 101711 - Mission Hospital,Mobile
Matabeleland South,Umzingwane,Habane,Habani - 100578 - Clinic,226,543,41.0%,Mat. South,Umzingwane,Habani - 100578 - Clinic,Mobile
Matabeleland South,Umzingwane,How Mine,How Mine - 100610 - Mine Clinic,353,378,93.0%,Mat. South,Umzingwane,How Mine - 100610 - Mine Clinic,Mobile
Matabeleland South,Umzingwane,Mawabeni,Mawabeni - 100969 - Clinic,1004,824,82.0%,Mat. South,Umzingwane,Mawabeni - 100969 - Clinic,Mobile
Matabeleland South,Umzingwane,Nhlangano,Nhlangano - 101269 - Clinic,716,720,99.0%,Mat. South,Umzingwane,Nhlangano - 101269 - Clinic,Mobile
Matabeleland South,Umzingwane,Ntshamathe,Ntshamathe - 101304 - Clinic,259,449,57.0%,Mat. South,Umzingwane,Ntshamathe - 101304 - Clinic,Mobile
Matabeleland South,Umzingwane,Mzingwane RHC,Umzingwane - 101725 - Clinic,269,357,75.0%,Mat. South,Umzingwane,Umzingwane - 101725 - Clinic,Mobile
Matabeleland South,Umzingwane,Zimbili,Zimbili - 101911 - Clinic,216,227,95.0%,Mat. South,Umzingwane,Zimbili - 101911 - Clinic,Mobile
Midlands,Gweru,Somabhula,Somabula - 101613 - Clinic,380.0,354,93.0%,Midlands,Gweru,Somabula - 101613 - Clinic,Mobile
Midlands,Kwekwe,Sherwood,Sherwood - 101561 - Clinic,531.0,773.0,68.0%,Midlands,Kwekwe,Sherwood - 101561 - Clinic,Mobile
,,,,,,,,,,
